325713, 97, 119
325713, 174, 179
325713, 189, 209
325713, 211, 428
325713, 430, 677
325713, 679, 684
325713, 686, 696
325713, 698, 761

325790, 198, 511

326439, 68, 128

326446, 153, 303
326446, 323, 367

326468, 180, 183

326551, 651, 809
326551, 831, 937
326551, 953, 1079
326551, 1097, 1147

326657, 135, 290
326657, 292, 375

326695, 117, 525

326834, 195, 768
326834, 771, 909

326870, 48, 252

326923, 54, 208
326923, 210, 239
326923, 241, 445

326945, 97, 510
326945, 512, 530

327057, 83, 243
327057, 245, 716

327103, 101, 278

327265, 80, 222
327265, 224, 227
327265, 232, 374
327265, 376, 378
327265, 383, 1021

327342, 121, 235
327342, 237, 622
327342, 624, 1400

327490, 532, 543
327490, 617, 1285

327582, 612, 656

327636, 113, 492

327662, 102, 244
327662, 297, 433
327662, 458, 733

327745, 219, 339

327761, 151, 159

327764, 202, 784
327764, 786, 1238

327860, 64, 143
327860, 145, 147

327862, 6, 481

328042, 8, 534

328099, 96, 709
328099, 712, 712
328099, 717, 893

328221, 39, 151

328263, 104, 731

328333, 73, 433

328374, 55, 70

328393, 108, 357

329716, 265, 292
329716, 300, 315
329716, 318, 328
329716, 332, 344
329716, 348, 382
329716, 391, 404

329778, 55, 62

329780, 205, 206
329780, 212, 218
329780, 220, 224
329780, 227, 227
329780, 229, 249
329780, 252, 264
329780, 267, 300
329780, 302, 310
329780, 313, 313
329780, 315, 315
329780, 317, 317
329780, 319, 328
329780, 331, 347
329780, 350, 368
329780, 371, 381
329780, 383, 401
329780, 404, 404
329780, 406, 418
329780, 423, 426
329780, 428, 434
329780, 436, 447
329780, 450, 478
329780, 480, 498
329780, 501, 523
329780, 525, 539
329780, 542, 560
329780, 562, 570
329780, 572, 596
329780, 598, 632
329780, 634, 658
329780, 660, 683
329780, 686, 703
329780, 705, 722
329780, 725, 738
329780, 740, 753
329780, 755, 792
329780, 795, 839
329780, 841, 841

329829, 134, 145
329829, 148, 169
329829, 171, 198
329829, 200, 209

329835, 545, 548
329835, 551, 551
329835, 557, 564
329835, 567, 570
329835, 572, 577
329835, 579, 584
329835, 586, 718

329869, 349, 717

329964, 96, 385

330025, 108, 567
330025, 569, 607

330074, 53, 155

330079, 89, 96
330079, 98, 211

330101, 58, 75

330160, 80, 126

330166, 166, 183

330203, 83, 173
330203, 175, 316
330203, 322, 904
330203, 994, 1051

330294, 50, 874

330470, 203, 318

331033, 26, 88

331082, 79, 89

331085, 197, 831
331085, 833, 1204

331129, 90, 608
331129, 656, 960
331129, 983, 1061

331215, 45, 211

331239, 81, 1008

331697, 103, 245

331710, 144, 869

331742, 94, 989

331772, 255, 328

331804, 69, 171
331804, 173, 885
331804, 887, 948

331825, 36, 458
331825, 460, 627
331825, 629, 834
331825, 836, 885

331860, 71, 630

331875, 71, 479
331875, 481, 677
331875, 679, 765
331875, 767, 1086

331905, 69, 127

331951, 70, 180
331951, 182, 200

331975, 93, 101
331975, 103, 309
331975, 311, 544
331975, 546, 937
331975, 939, 984

332303, 54, 178
332303, 180, 296

332304, 12, 55
332304, 57, 304
332304, 306, 364

332720, 203, 229

332896, 81, 204

332915, 142, 253
332915, 266, 319
332915, 327, 489
332915, 497, 500

332953, 110, 237
332953, 247, 414
332953, 423, 470

332955, 180, 322
332955, 324, 347

333181, 232, 636

333192, 159, 533

333367, 74, 459

333380, 62, 79
333380, 81, 195

333426, 74, 191

333469, 68, 263

333487, 72, 247
333487, 249, 366
333487, 368, 797

333519, 59, 191

333650, 43, 599

333707, 62, 281

333778, 70, 195
333778, 197, 835

333828, 74, 179
333828, 186, 455
333828, 459, 558
333828, 564, 804

333853, 314, 459

333904, 163, 283
333904, 285, 494
333904, 496, 542

333979, 148, 506

333994, 221, 246

334264, 202, 395
334264, 397, 535

334317, 88, 253
334317, 255, 321

334350, 198, 299
334350, 302, 591
334350, 601, 608

334384, 64, 131

334413, 87, 202
334413, 204, 951

334443, 68, 621
334443, 648, 888

334455, 346, 363

334487, 81, 193
334487, 195, 948

334564, 81, 438

334580, 311, 354

334588, 82, 603

334637, 185, 371
334637, 376, 532

334678, 120, 397

334737, 494, 703
334737, 705, 1164

334779, 284, 795

334842, 293, 607

334849, 103, 378

334878, 79, 486

334890, 88, 379

334907, 86, 585

334960, 249, 1000

334993, 50, 763

335016, 55, 175

335022, 82, 99
335022, 102, 599
335022, 603, 613
335022, 616, 762
335022, 764, 830

335056, 159, 166

335082, 54, 58

335083, 238, 803

335131, 16, 157

335170, 91, 795

335177, 378, 895
335177, 897, 1173

335222, 82, 828

335282, 64, 265

335290, 59, 379

336506, 129, 191
336506, 195, 211
336506, 262, 487

336548, 69, 256
336548, 259, 807

336567, 56, 859

336630, 94, 902

336678, 130, 889

336719, 139, 564

336782, 201, 976

336832, 68, 108
336832, 111, 917

336852, 117, 225
336852, 229, 379
336852, 381, 393
336852, 395, 1163

336915, 378, 1143

336927, 77, 875
336927, 877, 1011

336944, 205, 333
336944, 336, 414

336998, 79, 308

337005, 85, 269

337052, 164, 403
337052, 407, 557
337052, 559, 918

337107, 99, 758

337156, 220, 316

337176, 136, 493
337176, 495, 895

337215, 171, 274
337215, 276, 467
337215, 469, 962

337263, 208, 379
337263, 462, 672
337263, 674, 1077

337335, 94, 429

337371, 123, 149
337371, 279, 538

337404, 121, 318

337451, 214, 976

337491, 68, 495

337542, 43, 81
337542, 83, 535

337662, 171, 1044

337705, 116, 499
337705, 501, 903

337833, 278, 737
337833, 740, 1486

338183, 180, 1055

338220, 59, 1156

338259, 106, 566

338263, 283, 1152

338349, 137, 631
338349, 633, 975

338377, 529, 570
338377, 575, 606
338377, 608, 810
338377, 812, 1013

338480, 81, 132
338480, 141, 141
338480, 143, 324
338480, 326, 682

338498, 107, 238
338498, 240, 283
338498, 286, 298
338498, 300, 424
338498, 426, 440
338498, 442, 532
338498, 534, 622
338498, 624, 650

338608, 196, 366
338608, 886, 1032

338675, 40, 94

338712, 101, 390
338712, 392, 403
338712, 405, 459
338712, 496, 967

338767, 55, 797

338834, 91, 149
338834, 151, 157
338834, 160, 183

338846, 132, 350
338846, 352, 546
338846, 548, 1051

338897, 57, 787

338933, 349, 546
338933, 566, 1043
338933, 1045, 1210

338967, 90, 271

338987, 433, 650
338987, 842, 1230

339037, 123, 537
339037, 543, 833
339037, 835, 1166

339070, 64, 1049

339205, 107, 470

339346, 254, 326

339387, 170, 334
339387, 356, 927

339396, 75, 393

339435, 525, 1063

339500, 50, 323

339535, 130, 432

339562, 124, 261
339562, 265, 322

339590, 97, 129

339758, 154, 208
339758, 416, 1165

339849, 174, 305
339849, 309, 612
339849, 614, 1008

339957, 201, 459
339957, 601, 1452
339957, 1462, 1491
339957, 1499, 1524
339957, 1561, 1712

340030, 50, 1536

340072, 366, 650
340072, 652, 681
340072, 683, 1732
340072, 1788, 2049

340368, 71, 663

340453, 79, 345
340453, 347, 714
340453, 716, 786
340453, 788, 837
340453, 840, 1111
340453, 1134, 1144
340453, 1157, 1562